tag,AP_mean,AP_lo,AP_hi,AP_p,AUC_mean,AUC_lo,AUC_hi,AUC_p
P2-P1 Full (seed42),-0.029827706345958122,-0.08190779563802604,0.01385412478820777,0.215,0.048312733106436904,0.008285425146403264,0.08882908964049256,0.026
P2-B2 Full (seed42),-0.008762477828281117,-0.04412783514731271,0.022719029157863727,0.614,0.04940111341597381,0.0030078186714168455,0.09770934223418361,0.035
P1-B2 Full (seed42),0.021065228517677007,-0.026281752556858835,0.07328753838188329,0.392,0.0010883803095369097,-0.04886156906635071,0.052009134043146124,0.994
P2-P1 CC (seed42),0.000516667071338056,-0.04311948456535987,0.03780097660488963,0.924,0.06846338927684398,0.021587319888679866,0.1160737776043328,0.004
P2-B2 CC (seed42),-0.004432803636379575,-0.05065306920735536,0.03556866443383532,0.853,0.061661008256864755,0.00862594705977672,0.11767126484054838,0.016
P1-B2 CC (seed42),-0.004949470707717631,-0.05081731234241297,0.04409121242100013,0.826,-0.006802381019979218,-0.06229996198063586,0.04777416121530692,0.842
P2-P1 MLO (seed42),0.01914793168710019,-0.009845431605926729,0.050324078779370576,0.205,0.019505854567512883,-0.026452050563093042,0.06586432444411053,0.388
P2-B2 MLO (seed42),0.027727359965984164,-0.007196054820675971,0.06312533376207412,0.112,0.05890602697963131,0.015339907057254626,0.10354800515234408,0.006
P1-B2 MLO (seed42),0.008579428278883973,-0.018003021975952167,0.03370333320705943,0.462,0.03940017241211843,-0.009083247720516408,0.08599109895016654,0.121
P2-P1 Full (ens3),0.020649860170181212,-0.01808996660644348,0.06134892693262221,0.302,0.049326471804253695,0.01606017126726958,0.0842235140200215,0.003
P2-B2 Full (ens3),0.0403819533677736,0.003890648006120091,0.08082686792568897,0.03,0.05603722263332416,0.02335855558896518,0.08955875101606828,0.0
P1-B2 Full (ens3),0.01973209319759239,-0.016210390912327375,0.056230281265771884,0.256,0.006710750829070467,-0.02745555700729239,0.03986738603631607,0.699
P2-P1 CC (ens3),0.008601080436126875,-0.027305897613065688,0.04469228395599117,0.65,0.059169196984830266,0.02156620502653883,0.09602809443998617,0.002
P2-B2 CC (ens3),0.022386072552688423,-0.012901742898864496,0.060440451217920146,0.231,0.05743399955526246,0.013401385880769638,0.10443760753928277,0.011
P1-B2 CC (ens3),0.01378499211656155,-0.020025664984270258,0.047877770017824756,0.451,-0.001735197429567807,-0.039484976940990305,0.0378500528207034,0.907
P2-P1 MLO (ens3),0.022132970180373406,-0.00724900082765729,0.05490323967613238,0.135,0.01789603190534865,-0.017561585004053464,0.05256939155603651,0.325
P2-B2 MLO (ens3),0.04924706059168616,0.01780370514541934,0.08843811972062464,0.003,0.05953865069473432,0.02554210414961006,0.09483809104410769,0.0
P1-B2 MLO (ens3),0.027114090411312748,-0.005270261824033057,0.061478006490847684,0.097,0.04164261878938567,0.004461019126140412,0.07743423208350844,0.037
