name,Full_AP,CC_AP,MLO_AP,Full_AUC,D,pF1,Brier,ECE
model_B0_CC_seed2024,0.1312479211382851,0.1312479211382851,0.1312479211382851,0.71075085199379,0.0,0.04605278853888221,0.1299117307705327,0.32701345805995374
model_B0_CC_seed42,0.11257733709506205,0.11257733709506205,0.11257733709506205,0.7056835192428413,0.0,0.07502417984408005,0.03749053146928202,0.10023191479322653
model_B0_CC_seed7,0.13844109943282354,0.13844109943282354,0.13844109943282354,0.7150243562672941,0.0,0.049167598114360674,0.12354183414215113,0.31579011446099514
model_B0_MLO_seed2024,0.06834867810770182,0.06834867810770182,0.06834867810770182,0.6201373433011851,0.0,0.07029218408343793,0.021534270828298452,0.009925103188121828
model_B0_MLO_seed42,0.08104913215278045,0.08104913215278045,0.08104913215278045,0.622433226953001,0.0,0.06337099627218133,0.027054066550653556,0.05294236277187819
model_B0_MLO_seed7,0.07257081445148007,0.07257081445148007,0.07257081445148007,0.6369606539098064,0.0,0.06836930658138933,0.023204176088195326,0.02135413262971643
model_B1_seed2024,0.110679948622011,0.10442812065443602,0.05182393844114461,0.6715423099603891,0.032553919074220686,0.07206482189448372,0.0347695952170951,0.07942549456964734
model_B1_seed42,0.09759233563452495,0.09325522440092397,0.06984238183847832,0.666496926383932,0.016043532514823808,0.07770236594611703,0.026994982598087115,0.04973107503851791
model_B1_seed7,0.11764884597479996,0.10652887767564498,0.06414890452327504,0.730714357833002,0.032309954875339955,0.06509072999356035,0.059329629273824916,0.1655096626525089
model_B2_seed2024,0.14262161999968517,0.12690195936731824,0.07262973362150589,0.7165703097906487,0.042855773505273115,0.08740995116015225,0.02736313861725128,0.06651912583397734
model_B2_seed42,0.1468342944036885,0.132265363738028,0.0751555822132671,0.7447603662292928,0.043123821428040957,0.11166322182751985,0.02120352951529172,0.021677977486459474
model_B2_seed7,0.13891085969782077,0.11857139701777726,0.0921053927124175,0.747543521554821,0.03357246483272339,0.09177436495841676,0.043173092796281266,0.09042992164840725
model_P1_seed2024,0.15828752283312544,0.15649909329358622,0.11125087802625604,0.7647055810897618,0.024412537173204324,0.08343996261545737,0.02617111630953401,0.07278802657463018
model_P1_seed42,0.16679838449502424,0.12458702796833619,0.08405112361529075,0.7463172943398931,0.062479308703210765,0.10078765785225816,0.051538414063648015,0.10488715845861414
model_P1_seed7,0.12644494220303895,0.10366508937131715,0.09003717472113713,0.7210245289341334,0.02959381015681181,0.10753764469809468,0.020156223554468375,0.008901979791431288
model_P2_T1.0_seed42,0.15803806750974764,0.1386979414783956,0.08091330079194238,0.7643741485549395,0.04823244637457866,0.11455284999088398,0.03334610755073411,0.07108491288386123
model_P2_T4.0_seed42,0.13169075331543179,0.08318912867546745,0.09066340530485235,0.7371586354637202,0.044764486325271885,0.06942746052191141,0.020217550642741885,0.03815390096152637
model_P2_dup_seed42,0.15282250693434554,0.11908808168305526,0.0971977046720907,0.7466904303062496,0.04467961375677257,0.09134872600102431,0.028756112519337813,0.06801908042690785
model_P2_kd0.1_seed42,0.1768018345877945,0.14349233665669958,0.11070416413227886,0.7630601246420456,0.049703584193305284,0.09979495455342265,0.04574170667321945,0.10804016115634722
model_P2_kd0.5_seed42,0.16614585609693502,0.1307291547997956,0.0914870133895795,0.7687727631230455,0.055037772002247465,0.07722599638813164,0.05362506874814815,0.15437480283212682
model_P2_lambda1_0.1_seed42,0.16398919505229598,0.15712197618871607,0.0896118850621188,0.7847342028132988,0.04062226442687855,0.10803631861056154,0.022035204462662328,0.040366384539329274
model_P2_lambda1_1.0_seed42,0.18048315705885712,0.14780330435817515,0.10701685628211197,0.769431238357792,0.05307307673871356,0.07133508958942178,0.04995170053816297,0.15137877037542985
model_P2_p0.3_seed42,0.13880073366912551,0.12778722027245845,0.0895123657083228,0.7725582640836879,0.03015094067873489,0.06839138627735225,0.04182643485714731,0.13124122598295085
model_P2_p0.7_seed42,0.16514600784773698,0.1347672020876795,0.08535721361279218,0.7608278935962551,0.055083799997501126,0.13132013390669378,0.018350862385701397,0.009209572874821196
model_P2_seed2024,0.16254202179442084,0.1522169016477599,0.09830746614157765,0.7564987847473724,0.03727983789975209,0.06070705291539719,0.06270693663468542,0.2003008983366519
model_P2_seed42,0.13785471421681175,0.12930881543733874,0.10282241821688998,0.7937421440246298,0.021789097389697393,0.07355492656154412,0.06655785552165618,0.18014323517940276
model_P2_seed7,0.16361368165229676,0.13315488528622882,0.12253295640362896,0.7643448829889508,0.03576976080736785,0.08415326475854842,0.02351883990815093,0.0626247454385863
model_P2_zero_seed42,0.14264967853209845,0.11720260916579212,0.09414550581725772,0.7830945994787802,0.03697562104057353,0.08129499373040308,0.033432660228898646,0.09885961204434589
model_P3_seed42,0.14963990228904045,0.12613705399217165,0.1021491743662187,0.73822390206571,0.03549678810984527,0.06776705638394119,0.06886344289379437,0.18305525916480667
